<?xml version="1.0" encoding="UTF-8"?>
<project-private xmlns="http://www.netbeans.org/ns/project-private/1">
    <editor-bookmarks xmlns="http://www.netbeans.org/ns/editor-bookmarks/2" lastBookmarkId="0"/>
    <open-files xmlns="http://www.netbeans.org/ns/projectui-open-files/2">
        <group>
            <file>file:/C:/Users/Valencia/Documents/NetBeansProjects/Visual/web/js/clean-blog.min.js</file>
            <file>file:/C:/Users/Valencia/Documents/NetBeansProjects/Visual/web/css/clean-blog.css</file>
            <file>file:/C:/Users/Valencia/Documents/NetBeansProjects/Visual/web/.travis.yml</file>
            <file>file:/C:/Users/Valencia/Documents/NetBeansProjects/Visual/web/.browserslistrc</file>
            <file>file:/C:/Users/Valencia/Documents/NetBeansProjects/Visual/web/index.html</file>
            <file>file:/C:/Users/Valencia/Documents/NetBeansProjects/Visual/web/LICENSE</file>
            <file>file:/C:/Users/Valencia/Documents/NetBeansProjects/Visual/web/package-lock.json</file>
            <file>file:/C:/Users/Valencia/Documents/NetBeansProjects/Visual/web/about.html</file>
            <file>file:/C:/Users/Valencia/Documents/NetBeansProjects/Visual/web/post.html</file>
            <file>file:/C:/Users/Valencia/Documents/NetBeansProjects/Visual/web/mail/contact_me.php</file>
            <file>file:/C:/Users/Valencia/Documents/NetBeansProjects/Visual/web/package.json</file>
            <file>file:/C:/Users/Valencia/Documents/NetBeansProjects/Visual/web/img/post-sample-image.jpg</file>
            <file>file:/C:/Users/Valencia/Documents/NetBeansProjects/Visual/web/contact.html</file>
            <file>file:/C:/Users/Valencia/Documents/NetBeansProjects/Visual/web/img/home-bg.jpg</file>
            <file>file:/C:/Users/Valencia/Documents/NetBeansProjects/Visual/web/js/contact_me.js</file>
        </group>
    </open-files>
</project-private>
